"Annamalai, Sirish","Annamalai, Saravanan"
"Austin, Allyson","Austin, Ally"
"Awan, Sharukh","Awan, Shahrukh"
"Badr, Adrian","Badr, Adam"
"Barbeau, Raphael","Barbau, Raphael"
"Basnayaka, Jayanie","Bubar, Jayanie"
"Belkat, Nicholas","Belkat, Nick"
"Bellis, Nicholas","Belkat, Nick"
"Bhu, Chaitu","B, Chaitu"
"Bowie, Mercedes","Bowie, Merci"
"Bryce, Benjamin","Benjamin, Bryce"
"Bullock, Nicole","Bullock, Nikolle"
"Cardona, Jose-Luis","Cardona, Jose Luis"
"Chai, Hp","Chai, HaoPing"
"Champati, Rajiv","Champati, Rajiv Gautham"
"Chan, Bill","Chan, William"
"Cline, Tony","Cline, Anthony"
"Condell-Nelson, Virginia","Condell-Nelson, Virginia (Ginny)"
"Corbett, Judith","ERPENBACH, Judy"
"Coreas, Carmen","Dextre, Carmen"
"Corey, Amrita","Corey, Ami"
"Darocha, Olavo","da Rocha, Olavo"
"Dehn, Kathy","Dehn, Kathleen"
"Del-Roio, Rick","Del Roio, Rick"
"Deleon, Dylan","De Leon, Dylan"
"Delgado-Pino, Patricia","Delgado Pino, Patricia"
"Demoura, Jesse","De Moura, Jesse"
"Dipple, Adrian","Dipple (Badr), Adrian"
"Djordjevic, Bratislava","Djordjevic, Bratislav"
"Dreyfus, Matthew","Dreyfus, Matt"
"Ericksen, Ruth","Ericken, Ruth"
"Erpenbach, Judith","ERPENBACH, Judy"
"Field, Tiffany","Field-Ingram, Tiffany"
"Fleskes, Kathy","Fleskes, Katherine"
"Frua, Erika","Frua, Abigail"
"Gamarra, Jessy","Hurtado, Jessy"
"Gillick-Iv, John","Gillick, John"
"Gomez, Dale","Gomez, Anthony"
"Gurazada, Aishwarya","Gurazada, Aishwarya Bala"
"Harris, James","Harris, Jim"
"Hook, James","Hook, Jim"
"Javardi, Bahar","Javadi, Bahar"
"Jimenez, Jonathan","Jimenez, Jj"
"Kaye-Johnson, Timothy","Johnson, Tim"
"Koteeswaran, Chandrasekaran","Koteeswaran, Chandra"
"Krishna, Megha","Krishnakumar, Megha"
"Lara, Jose Christian De","De Lara, Jose Christian"
"Lee, Phi","Lee, Phi "
"Liddle, Alex","Liddle, James (Alex)"
"Liddle, James","Liddle, James (Alex)"
"Llerena, Wilson","Llerena, Alex"
"Lukens, Josh","Lukens, Joshua"
"Marks, Don","Marks, Donald"
"Marrero, Tania Irizarry","Irizarry-Marrero, Tania"
"Matute, Gustavo","Rojas-Matute, Gustavo"
"Matute, Gustavo Rojas","Rojas-Matute, Gustavo"
"Min, Sung-Ki","Min, Sung Ki"
"Parra, Alejandra Marino","Marino Parra, Alejandra"
"Parra, Riq","Parra, Enrique"
"Patel, Krishna","Patel, Krshna"
"Pence, Michael","Pence, Mike"
"Pessagno, Joann","Pessagno, Jo Annn"
"Phillips, Sullivan","Philips, Sullivan"
"Pinkowitz, Dee","Pinkowitz, Denise"
"Rocha, Olavo Da","da Rocha, Olavo"
"Rojas, Stephanie","Rojas, Stephania"
"Sabatelli, Matt","Sabatelli, Matthew"
"Salnikov, Leonid","Salnikov, Leo"
"Salyers, Douglas","Salyers, Doug"
"Scarff, Jen","Scarff, Jennifer"
"Scarff, Jenn","Scarff, Jennifer"
"Seber, Dj","Seber, Derek"
"Seber, Eric","Seber, Erich"
"Seyed-Ali, Maria","Seyed-Ali, Isabel"
"Shiderly, Christopher",
"Shiderly, Jeff","Shiderly, Jeffrey"
"Shnit, Liudmila","Shnit, Mila"
"Shoukat, Zoya","Belkat, Zoya"
"Shultz, Linda","Schultz, Linda"
"Sievers, Doug","Sievers, John (Doug)"
"Sievers, Tim","Sievers, Timothy"
"Singh, Raj","Singh, Ravinder"
"Smith, Mike","Smith, Michael"
"Snyder, Sukyee","Snyder (Or), Sukyee"
"Somerville, Matthew","Somerville, Matt"
"Sparks, Tori","Jung, Tori"
"Spensely, Allison","Spensley, Allison"
"Stainken, Hayley","Stankan, Hayley"
"Stengle, Kimbery","Stengle, Kimberly"
"Stucka, Tihomir","Stucka, Tish"
"Su, Lauren","August, Lauren"
"Taiganides, Inigo","Taiganides, Inigo Ezcurra "
"Taiganides, Inigo Ezcurra","Taiganides, Inigo Ezcurra "
"Tchanambe, Nathanael","Tchamanbe, Nathanael"
"Thomas, David","Thomas, Dave"
"Toscana, Raol","Toscana, Raul"
"Trevino, Alexandria","Trevino, Leki"
"Truland, Dani","Truland, Danielle"
"Vasquez, Enitza","Rodriguez, Enitza"
"Velagapuni, Sravan_kumar","Velagapuni, Sravan Kumar"
"Walton, Ben","Walton, Benjamin"
"Wiliford, Andy","Williford, Andy"
"Winn, Mike","Winn, Michael"
"Yansunnu, Lori","Yansunnu, Lo"
"Zabarowski, Ruxandra","Zaborowski, Ruxandra (Roxy)"
"Zaborowski, Ruxandra","Zaborowski, Ruxandra (Roxy)"
"Zerphy, Steve","Zerphy, Steven"
"Zuelsdorf, Christy","Zuelsdorf, Christy"
